name,telephoneNumber,mail,mail,postalAddress,postalAddress
Araluen Christian School,(08) 8955 3300,admin.acc@ntschools.net,admin.acc@ntschools.net,"10 Blain Street, Alice Springs, 0870, NT","11 Blain Street, Alice Springs, 0870, NT"
Alpurrurulam School,(07) 4748 4887,daven.scott@education.nt.gov.au,daven.scott@education.nt.gov.au,"PMB 46, Mt Isa, 4825, QLD","PMB 46, Mt Isa, 4825, QLD"
Alice Springs Steiner School,(08) 8953 4578,accounts@alicesteiner.nt.edu.au,accounts@alicesteiner.nt.edu.au,"PO Box 2736, Alice Springs, 0871, NT","PO Box 2736, Alice Springs, 0871, NT"
Amoonguna School,(08) 8952 3402,cherie.gibbens@education.nt.gov.au,cherie.gibbens@education.nt.gov.au,"PO Box  2529,, Alice Springs, 0871, NT","PO Box  2529,, Alice Springs, 0871, NT"
Anula Primary School,(08) 899 77500,anula.admin@education.nt.gov.au,anula.admin@education.nt.gov.au,"Yanyula Drive, ANULA, 0812, NT","Yanyula Drive, ANULA, 0812, NT"
Ampilatwatja School,(08) 8956 9265,katrina.georgiou@education.nt.gov.au,katrina.georgiou@education.nt.gov.au,", PMB 84, Alice Springs, 0872, NT",", PMB 84, Alice Springs, 0872, NT"
Angurugu School,(08) 8987 6355,admin.angurcec@education.nt.gov.au,admin.angurcec@education.nt.gov.au,"PO Box 40, Alyangula, Groote Eylandt, 0885, NT","PO Box 40, Alyangula, Groote Eylandt, 0885, NT"
Alyarrmandumanja Umbakumba School,(08) 8987 6793,admin.umbakumba@education.nt.gov.au,admin.umbakumba@education.nt.gov.au,"PO Box 698, Alyangula, 0885, NT","PO Box 698, Alyangula, 0885, NT"
Amanbidji School,(08) 9168 7380,Carolyn.tucker@education.nt.gov.au,Carolyn.tucker@education.nt.gov.au,"PMB 16, via Katherine, 0851, NT","PMB 16, via Katherine, 0851, NT"
Alyangula Area School,(08) 8987 6366,alyangula.admin@education.nt.gov.au,alyangula.admin@education.nt.gov.au,"PMB 3, Alyangula, Groote Eylandt, 0885, NT","PMB 3, Alyangula, Groote Eylandt, 0885, NT"
Alice Springs School Of The Air,(08) 8951 6800,assoa@assoa.nt.edu.au,assoa@assoa.nt.edu.au,"PO Box 1220, Alice Springs, 0871, NT","PO Box 1220, Alice Springs, 0871, NT"
Alice Springs Language Centre,(08) 895 52366,alice.language@education.nt.gov.au,alice.language@education.nt.gov.au,"PO Box 9045, Alice Springs, 0871, NT","PO Box 9045, Alice Springs, 0871, NT"
Alcoota School,(08) 8956 9977,sian.munn@education.nt.gov.au,sian.munn@education.nt.gov.au,"PMB 129,, via Alice Springs, 0872, NT","PMB 129,, via Alice Springs, 0872, NT"
Alawa Primary School,(08) 899 77666,alawa.school@education.nt.gov.au,alawa.school@education.nt.gov.au,"PO Box 40446, Casuarina, 0811, NT","PO Box 40446, Casuarina, 0811, NT"
Alekarenge School,(08) 8964 1957,admin.alekacec@education.nt.gov.au,admin.alekacec@education.nt.gov.au,"LMB 161, via Alice Springs, 0872, NT","LMB 161, via Alice Springs, 0872, NT"
Adelaide River School,(08) 8976 7034,adelaideriver.ps@education.nt.gov.au,adelaideriver.ps@education.nt.gov.au,"C/- Post Office, Adelaide River, 0846, NT","C/- Post Office, Adelaide River, 0846, NT"
Yulara School,(08) 8956 2014,yulara.school@education.nt.gov.au,yulara.school@education.nt.gov.au,"PO Box 146, Yulara, 0872, NT","PO Box 146, Yulara, 0872, NT"
Zuccoli Primary School,(08) 792 30222,ZuccoliPrimary@ntschools.net,ZuccoliPrimary@ntschools.net,"PO Box 2222, PALMERSTON, 0832, NT","PO Box 2222, PALMERSTON, 0832, NT"
Yuendumu School,(08) 8956 4011,michael.timewell@education.nt.gov.au,michael.timewell@education.nt.gov.au,"C/ - Post Office, Yuendumu, 0870, NT","C/ - Post Office, Yuendumu, 0870, NT"
Yirrkala School,(08) 898 71988,admin.yirrkala@ntschools.net,admin.yirrkala@ntschools.net,"PO Box 896, Nhulunbuy, 0881, NT","PO Box 896, Nhulunbuy, 0881, NT"
Yirara College,(08) 8950 5644,info@yirara.nt.edu.au,info@yirara.nt.edu.au,"PMB 51, Alice Springs, 0871, NT","PMB 51, Alice Springs, 0871, NT"
Yarralin School,(08) 8975 0809,david.oke@education.nt.gov.au,david.oke@education.nt.gov.au,"PMB 34, via Katherine, 0851, NT","PMB 34, via Katherine, 0851, NT"
Yipirinya School,(08) 8952 5633,yipirinya@yipirinya.com.au,yipirinya@yipirinya.com.au,"C/- Yipirinya School Council Inc, PO Box 2363, Alice Springs, 0871, NT","C/- Yipirinya School Council Inc, PO Box 2363, Alice Springs, 0871, NT"
Wurankuwu Homeland Learning Centre,(08) 8978 3986,tba,tba,"Nguiu, Bathurst Island, 0822, NT","Nguiu, Bathurst Island, 0822, NT"
Xavier CEC,(08) 8978 3970,admin.xcec@nt.catholic.edu.au,admin.xcec@nt.catholic.edu.au,"PMB 139,, via Winnellie, 0822, NT","PMB 139,, via Winnellie, 0822, NT"
Wulagi Primary School,(08) 898 37800,wulagi.primary@education.nt.gov.au,wulagi.primary@education.nt.gov.au,"24 Brolga St, WULAGI, 0812, NT","25 Brolga St, WULAGI, 0812, NT"
Wugularr School,(08) 8975 4529,admin.wugulsch@education.nt.gov.au,admin.wugulsch@education.nt.gov.au,"PMB 6, Katherine, 0851, NT","PMB 6, Katherine, 0851, NT"
Woolianna School,(08) 8978 2984 / 0477 333 413,woolianna.school@education.nt.gov.au,woolianna.school@education.nt.gov.au,"PMB 194, Winnellie, 0821, NT","PMB 194, Winnellie, 0821, NT"
Woolaning School,(08) 8978 2334,admin.woolasch@education.nt.gov.au,admin.woolasch@education.nt.gov.au,"PO Box 3261, Palmerston, 0831, NT","PO Box 3261, Palmerston, 0831, NT"
Willowra School,(08) 8956 8408,willowra.school@education.nt.gov.au,willowra.school@education.nt.gov.au,"PMB 102, via Alice Springs, 0872, NT","PMB 102, via Alice Springs, 0872, NT"
Woodroffe Primary School,(08) 898 37600,woodroffe.ps@education.nt.gov.au,woodroffe.ps@education.nt.gov.au,"PO Box 2021, PALMERSTON, 0831, NT","PO Box 2021, PALMERSTON, 0831, NT"
Watarrka School,(08) 8956 7758,christine.munro@education.nt.gov.au,christine.munro@education.nt.gov.au,"Education Stores, Shed 9, 66A Smith St, Alice Springs, 0870, NT","Education Stores, Shed 9, 66A Smith St, Alice Springs, 0870, NT"
Watiyawanu School,(08) 8956 8555,l.kenny@education.nt.gov.au,l.kenny@education.nt.gov.au,"PMB 111, via Alice Springs, 0872, NT","PMB 111, via Alice Springs, 0872, NT"
Warruwi School,(08) 8979 0222,keira.stewart@education.nt.gov.au,keira.stewart@education.nt.gov.au,"PMB 90, via WINNELLIE, 0821, NT","PMB 90, via WINNELLIE, 0821, NT"
Wanguri Primary School,(08) 8927 1655,wanguri.prim@education.nt.gov.au,wanguri.prim@education.nt.gov.au,"PO Box 40519, CASUARINA, 0811, NT","PO Box 40519, CASUARINA, 0811, NT"
Walungurru School,(08)  8964 6056,walungurru.school@education.nt.gov.au,walungurru.school@education.nt.gov.au,"PMB 14, via Alice Springs, 0872, NT","PMB 14, via Alice Springs, 0872, NT"
Wallace Rockhole School,(08) 8956 7330,wallace.rockhole@education.nt.gov.au,wallace.rockhole@education.nt.gov.au,"PO Box 2256, Alice Springs, 0871, NT","PO Box 2256, Alice Springs, 0871, NT"
Wagaman Primary School,(08) 8922 6011,wagaman.school@education.nt.gov.au,wagaman.school@education.nt.gov.au,"PO Box 40019, CASUARINA, 0811, NT","PO Box 40019, CASUARINA, 0811, NT"
Urapunga School,(08) 8975 4645,admin.urapunga@education.nt.gov.au,admin.urapunga@education.nt.gov.au,"PMB 12, via Katherine, 0852, NT","PMB 12, via Katherine, 0852, NT"
Top End School of Flexible Learning,(08) 899 77199,malakrc.det@education.nt.gov.au,malakrc.det@education.nt.gov.au,"PO Box 703, Karama, 0812, NT","PO Box 703, Karama, 0812, NT"
Tiwi College,08 89709024,tiwi.college@ntschools.net,tiwi.college@ntschools.net,"LMB 127, Winnellie, 0822, NT","LMB 127, Winnellie, 0822, NT"
Titjikala School,(08) 8956 0927,joanne.wickham@education.nt.gov.au,joanne.wickham@education.nt.gov.au,"PMB 130, via Alice Springs, 0872, NT","PMB 130, via Alice Springs, 0872, NT"
Tivendale School,(08) 899 95910,john.mackay@education.nt.gov.au,john.mackay@education.nt.gov.au,"PO Box 703, Karama, 0812, NT","PO Box 703, Karama, 0812, NT"
Tipperary Station School,(08) 8978 2765,rosemary.sullivan@education.nt.gov.au,rosemary.sullivan@education.nt.gov.au,"PMB 214, via Winnellie, 0822, NT","PMB 214, via Winnellie, 0822, NT"
Timber Creek School,(08) 8975 0714,timbercreek.admin@education.nt.gov.au,timbercreek.admin@education.nt.gov.au,"PMB 115, via Katherine, 0851, NT","PMB 115, via Katherine, 0851, NT"
Ti Tree School,(08) 8956 9743,ciaran.bailie@education.nt.gov.au,ciaran.bailie@education.nt.gov.au,"Locked Bag 257,, Ti Tree, via Alice Springs, 0872, NT","Locked Bag 257,, Ti Tree, via Alice Springs, 0872, NT"
Tennant Creek High School,(08) 8962 2102,admin.tchs@education.nt.gov.au,admin.tchs@education.nt.gov.au,"PO Box 546, Tennant Creek, 0861, NT","PO Box 546, Tennant Creek, 0861, NT"
TESTGOVSCHOOL2,n/a,n/a,n/a,"n/a, n/a, 0, n/a","n/a, n/a, 0, n/a"
TESTGOVSCHOOL1,n/a,n/a,n/a,"n/a, n/a, 0, n/a","n/a, n/a, 0, n/a"
Tennant Creek Primary School,(08) 896 32424,admin.tennasch@education.nt.gov.au,admin.tennasch@education.nt.gov.au,"PO Box 506, Tennant Creek, 0861, NT","PO Box 506, Tennant Creek, 0861, NT"
Taminmin College,(08) 898 37000,admin.taminmin@education.nt.gov.au,admin.taminmin@education.nt.gov.au,"PO Box 21, HUMPTY DOO, 0836, NT","PO Box 21, HUMPTY DOO, 0836, NT"
Stirling School,(08) 8956 9759,marita.mckenzie@education.nt.gov.au,marita.mckenzie@education.nt.gov.au,"Stirling Station, via Alice Springs, 0872, NT","Stirling Station, via Alice Springs, 0872, NT"
Stuart Park Primary School,(08) 899 77333,stuartpark.school@education.nt.gov.au,stuartpark.school@education.nt.gov.au,"PO Box 37421, Winnellie, 0831, NT","PO Box 37421, Winnellie, 0831, NT"
St Philip's College,(08) 8950 4511,info@stphilips.nt.edu.au,info@stphilips.nt.edu.au,"PO Box 33, Alice Springs, 0871, NT","PO Box 33, Alice Springs, 0871, NT"
St Pauls Catholic School,(08) 8985 1937,admin.stpauls@nt.catholic.edu.au,admin.stpauls@nt.catholic.edu.au,"PO Box 40344, Casuarina, 0811, NT","PO Box 40344, Casuarina, 0811, NT"
St Joseph's Flexible Learning Centre,0408 568 357,sjcflc@ereafsn.edu.au,sjcflc@ereafsn.edu.au,"P O Box 2991, Alice Springs, 0871, NT","P O Box 2991, Alice Springs, 0871, NT"
St Joseph's Catholic College,(08) 89723555,admin.stjosephs@nt.catholic.edu.au,admin.stjosephs@nt.catholic.edu.au,"PO Box 535, Katherine, 0850, NT","PO Box 535, Katherine, 0850, NT"
St Mary's Catholic School,(08) 8981 9796,admin.stmarys@nt.catholic.edu.au,admin.stmarys@nt.catholic.edu.au,"PO Box 2413, Darwin, 0801, NT","PO Box 2413, Darwin, 0801, NT"
St Johns Catholic College,(08) 8982 2222,admin.stjohns@nt.catholic.edu.au,admin.stjohns@nt.catholic.edu.au,"Mail Bag 13, Darwin, 0820, NT","Mail Bag 13, Darwin, 0820, NT"
St Francis of Assisi Catholic Primary School,(08) 8988 1212,admin.sfas@nt.catholic.edu.au,admin.sfas@nt.catholic.edu.au,"PO Box 921, Humpty Doo, , NT","PO Box 921, Humpty Doo, , NT"
St Francis Xavier School,(08) 8978 2427,dr.adminbox@nt.catholic.edu.au,dr.adminbox@nt.catholic.edu.au,"PMB 28, Daly River, 0822, NT","PMB 28, Daly River, 0822, NT"
St Andrew Lutheran School,(08) 8983 0300,admin@goodshepherd.nt.edu.au,admin@goodshepherd.nt.edu.au,"PO Box 1146, Howard Springs, 0831, NT","PO Box 1146, Howard Springs, 0831, NT"
Shepherdson College,(08) 8987 9044,principal.shepherdson@education.nt.gov.au,principal.shepherdson@education.nt.gov.au,"PMB 74, via WINELLIE, 0822, NT","PMB 74, via WINELLIE, 0822, NT"
Sattler Christian College,7922 1500,admin.scc@ntschools.net,admin.scc@ntschools.net,"PO Box 1138,, Coolalinga, 0839, NT","PO Box 1138,, Coolalinga, 0839, NT"
Sacred Heart Primary School,(08) 8924 8700,admin.shps@nt.catholic.edu.au,admin.shps@nt.catholic.edu.au,"PO Box 271, Palmerston, 0831, NT","PO Box 271, Palmerston, 0831, NT"
Sanderson Middle School,(08) 8927 8899,sanderson.middle@education.nt.gov.au,sanderson.middle@education.nt.gov.au,"PO Box 189, SANDERSON, 0813, NT","PO Box 189, SANDERSON, 0813, NT"
Royal Darwin Hospital School,(08) 8922 8736,tania.nicholls@education.nt.gov.au,tania.nicholls@education.nt.gov.au,"C/o Nakara Primary School, Goodman St, NAKARA, 0810, NT","C/o Nakara Primary School, Goodman St, NAKARA, 0810, NT"
Rosebery Primary School,(08) 792 30100,roseberyps.admin@education.nt.gov.au,roseberyps.admin@education.nt.gov.au,"PO Box 650, PALMERSTON, 0832, NT","PO Box 650, PALMERSTON, 0832, NT"
Ross Park Primary School,(08) 895 52000,rosspark.school@ntschools.net,rosspark.school@ntschools.net,"PO Box 364, ALICE SPRINGS, 0871, NT","PO Box 364, ALICE SPRINGS, 0871, NT"
Rockhampton Downs School,(08) 8964 4675,nerida.beattie@education.nt.gov.au,nerida.beattie@education.nt.gov.au,"PMB 34, Tennant Creek, 0862, NT","PMB 34, Tennant Creek, 0862, NT"
Robinson River School,(08) 8975 9956,merryn.curley@education.nt.gov.au,merryn.curley@education.nt.gov.au,"PMB 145, Katherine, 0851, NT","PMB 145, Katherine, 0851, NT"
Ramingining School,(08) 8979 7924,sue.mcavoy@education.nt.gov.au,sue.mcavoy@education.nt.gov.au,"PMB 125, via WINNELLIE, 0821, NT","PMB 125, via WINNELLIE, 0821, NT"
Pine Creek School,(08) 8976 1228,janet.purje@education.nt.gov.au,janet.purje@education.nt.gov.au,"PO Box 196, Pine Creek, 0847, NT","PO Box 196, Pine Creek, 0847, NT"
Pularumpi School,(08) 8978 3961,mel.dougherty@education.nt.gov.au,mel.dougherty@education.nt.gov.au,"PMB 51, via Winnellie, 0822, NT","PMB 51, via Winnellie, 0822, NT"
Pigeon Hole School,(08) 8975 0812,anne.pollock@education.nt.gov.au,anne.pollock@education.nt.gov.au,"PMB 10, via Katherine, 0852, NT","PMB 10, via Katherine, 0852, NT"
Peppimenarti School,(08) 8978 2455,chelsea.collins@education.nt.gov.au,chelsea.collins@education.nt.gov.au,"PMB 49, via Winnellie, 0822, NT","PMB 49, via Winnellie, 0822, NT"
Parap Primary School,(08) 898 22922,parapps.office@education.nt.gov.au,parapps.office@education.nt.gov.au,"PO Box 69, PARAP, 0804, NT","PO Box 69, PARAP, 0804, NT"
Papunya School,(08) 8956 8515 or (08) 8956 8323,papunya.admin@education.nt.gov.au,papunya.admin@education.nt.gov.au,"PMB 77, via Alice Springs, 0872, NT","PMB 77, via Alice Springs, 0872, NT"
Palmerston Christian School,(08) 7922 5600,admin.pcs@ntschools.net,admin.pcs@ntschools.net,"PO Box 113, Palmerston, 0831, NT","PO Box 113, Palmerston, 0831, NT"
Owen Springs Education Centre,(08) 8958 5088 / (08) 8958 5089,joel.hohn@education.nt.gov.au,joel.hohn@education.nt.gov.au,"PO Box 4856, Alice Springs, 0871, NT","PO Box 4856, Alice Springs, 0871, NT"
OLSH Primary School,(08) 8950 6400,admin.olshalice@nt.catholic.edu.au,admin.olshalice@nt.catholic.edu.au,"PO Box 2508, Alice Springs, 0871, NT","PO Box 2508, Alice Springs, 0871, NT"
Palmerston College,(08) 899 77999,Palmerston.college@education.nt.gov.au,Palmerston.college@education.nt.gov.au,"PO Box 8, PALMERSTON, , NT","PO Box 8, PALMERSTON, , NT"
OLSH Thamarrurr Catholic College,(08) 8978 2477,admin.olshtcs@nt.catholic.edu.au,admin.olshtcs@nt.catholic.edu.au,"Wadeye, Port Keats, via Winnellie, 0822, NT","Wadeye, Port Keats, via Winnellie, 0822, NT"
OLSH College - Traeger Campus,(08) 8950 6400,admin.olshalice@nt.catholic.edu.au,admin.olshalice@nt.catholic.edu.au,"PO Box 2508, Alice Springs, 0871, NT","PO Box 2508, Alice Springs, 0871, NT"
OLSH College - Sadadeen Campus,(08) 8950 6400,admin.olshalice@nt.catholic.edu.au,admin.olshalice@nt.catholic.edu.au,"PO Box 2508, Alice Springs, 0871, NT","PO Box 2508, Alice Springs, 0871, NT"
O'Loughlin Catholic College,(08) 8945 1277,secretary.oloughlin@nt.catholic.edu.au,secretary.oloughlin@nt.catholic.edu.au,"P O Box 41911, Casuarina, 0811, NT","P O Box 41911, Casuarina, 0811, NT"
Nyangatjatjara College - Imanpa Campus,(08) 8956 7038,ceo@nyangatjatjaracollege.org.au,ceo@nyangatjatjaracollege.org.au,"PO Box 171, Yulara, 0872, NT","PO Box 171, Yulara, 0872, NT"
Nyangatjatjara College - Docker Rvr Campus,(08) 8956 7098,ceo@nyangatjatjaracollege.org.au,ceo@nyangatjatjaracollege.org.au,"PO Box 171, Yulara, 0872, NT","PO Box 171, Yulara, 0872, NT"
Numbulwar School,(08) 8975 4650,cheryl.dwyer@education.nt.gov.au,cheryl.dwyer@education.nt.gov.au,"PMB 68, WINELLIE, 0822, NT","PMB 68, WINELLIE, 0822, NT"
Nyirripi School,(08) 8956 8880,ken.millar@education.nt.gov.au,ken.millar@education.nt.gov.au,"PMB 125, via Alice Springs, 0872, NT","PMB 125, via Alice Springs, 0872, NT"
Nyangatjatjara College - Mutitjulu Campus,(08) 8956 2555,ceo@nyangatjatjaracollege.or.au,ceo@nyangatjatjaracollege.or.au,"PO Box 171, Yulara, 0872, NT","PO Box 171, Yulara, 0872, NT"
Ntaria School,(08) 8956 7424,ntariasch.admin@education.nt.gov.au,ntariasch.admin@education.nt.gov.au,"PMB 4, via Alice Springs, 0872, NT","PMB 4, via Alice Springs, 0872, NT"
NT School of Distance Education,(08) 892 22292,ntsde.admin@education.nt.gov.au,ntsde.admin@education.nt.gov.au,"PO Box 40471, Casuarina, 0811, NT","PO Box 40471, Casuarina, 0811, NT"
NT Music School,(08) 896 35550,nt.musicschool@education.nt.gov.au,nt.musicschool@education.nt.gov.au,"PO Box 455, Sanderson, 0813, NT","PO Box 455, Sanderson, 0813, NT"
Nightcliff Middle School,(08) 898 37677,admin.nightms@education.nt.gov.au,admin.nightms@education.nt.gov.au,"90 Aralia St, NIGHTCLIFF, 0810, NT","91 Aralia St, NIGHTCLIFF, 0810, NT"
Nhulunbuy High School,(08) 898 70844,nhulunbuy.high@education.nt.gov.au,nhulunbuy.high@education.nt.gov.au,"PO Box 1096, NHULUNBUY, 0881, NT","PO Box 1096, NHULUNBUY, 0881, NT"
Nhulunbuy Christian School,(08) 8965 2900,admin.ncc@ntschools.net,admin.ncc@ntschools.net,"PO Box 621, Nhulunbuy, 0881, NT","PO Box 621, Nhulunbuy, 0881, NT"
Nightcliff Primary School,(08) 8948 8488,nightcliff.ps@education.nt.gov.au,nightcliff.ps@education.nt.gov.au,"PO BOX 798, NIGHTCLIFF, 0810, NT","PO BOX 798, NIGHTCLIFF, 0810, NT"
Nhulunbuy Primary School,(08) 898 70022,nps.frontoffice@education.nt.gov.au,nps.frontoffice@education.nt.gov.au,"PO Box 321, NHULUNBUY, 0881, NT","PO Box 321, NHULUNBUY, 0881, NT"
Ngukurr School,(08) 8975 4680,ngukurr.cec@education.nt.gov.au,ngukurr.cec@education.nt.gov.au,"PMB 138, KATHERINE, 0851, NT","PMB 138, KATHERINE, 0851, NT"
Nganmarriyanga School,(08) 8978 2380,cindy.ahearn@education.nt.gov.au,cindy.ahearn@education.nt.gov.au,"PMB 85, via WINNELLIE, 0822, NT","PMB 85, via WINNELLIE, 0822, NT"
Nganambala School,(08) 8978 2001,samuel.sailor@education.nt.gov.au,samuel.sailor@education.nt.gov.au,"PMB 218, Via Winnellie, 0822, NT","PMB 218, Via Winnellie, 0822, NT"
Newcastle Waters School,(08) 8964 4566,emily.hubbert@education.nt.gov.au,emily.hubbert@education.nt.gov.au,"Newcastle Waters Station, via Elliott, 0862, NT","Newcastle Waters Station, via Elliott, 0862, NT"
Neutral Junction School,(08) 8956 9754,lorraine.sligar@education.nt.gov.au,lorraine.sligar@education.nt.gov.au,"Neutral Junction, via Alice Springs, 0872, NT","Neutral Junction, via Alice Springs, 0872, NT"
Nemarluk School,(08) 898 50400,admin.nemarluk@education.nt.gov.au,admin.nemarluk@education.nt.gov.au,"PO Box 39729, WINNELLIE, 0821, NT","PO Box 39729, WINNELLIE, 0821, NT"
Nakara Primary School,(08) 8927 9823,nakara.primary@education.nt.gov.au,nakara.primary@education.nt.gov.au,"35 Nakara Tce, Nakara, 0810, NT","36 Nakara Tce, Nakara, 0810, NT"
Mutitjulu School,(08) 8956 2547,mutitjulu.school@education.nt.gov.au,mutitjulu.school@education.nt.gov.au,"PO Box 121, Yulara, 0872, NT","PO Box 121, Yulara, 0872, NT"
Murrupurtiyanuwu Catholic Primary School,(08) 8978 3986,admin.mcs@nt.catholic.edu.au,admin.mcs@nt.catholic.edu.au,"PO Box 45, Wurrumiyanga, Bathurst Island, via Winnellie, 0822, NT","PO Box 45, Wurrumiyanga, Bathurst Island, via Winnellie, 0822, NT"
Murray Downs School,(08) 8964 1951,natasha.hosny@education.nt.gov.au,natasha.hosny@education.nt.gov.au,"PMB 48, Alice Springs, 0872, NT","PMB 48, Alice Springs, 0872, NT"
Mulga Bore School,(08) 8956 9712,lisa.donoghue@education.nt.gov.au,lisa.donoghue@education.nt.gov.au,"PMB 18, via Alice Springs, 0872, NT","PMB 18, via Alice Springs, 0872, NT"
Mount Allan School,(08) 8956 8860,phil.bartley@education.nt.gov.au,phil.bartley@education.nt.gov.au,"PMB  6, Mount Allan School via Alice Springs, 0872, NT","PMB  6, Mount Allan School via Alice Springs, 0872, NT"
Mimik-Ga Centre,(08) 898 37900,admin.mimik-ga@education.nt.gov.au,admin.mimik-ga@education.nt.gov.au,"PO Box 40519, Casuarina, 0811, NT","PO Box 40519, Casuarina, 0811, NT"
Moulden Primary School,(08) 8930 5900,mouldenps.admin@ntschools.net,mouldenps.admin@ntschools.net,"PO Box 80, PALMERSTON, 0831, NT","PO Box 80, PALMERSTON, 0831, NT"
Mother Teresa Catholic Primary School,(08) 7969 5600,principal.motherteresa@nt.catholic.edu.au,principal.motherteresa@nt.catholic.edu.au,"PO Box 1125, Palmerston, 0830, ","PO Box 1125, Palmerston, 0830, "
Moil Primary School,(08) 898 37530,admin.moilsch@education.nt.gov.au,admin.moilsch@education.nt.gov.au,"37 Lanyon Tce, MOIL, 0810, NT","38 Lanyon Tce, MOIL, 0810, NT"
Minyerri School,(08) 8975 9972,amy.dyke@education.nt.gov.au,amy.dyke@education.nt.gov.au,"PMB 40, KATHERINE, 0851, NT","PMB 40, KATHERINE, 0851, NT"
Milyakburra School,(08) 8987 6084,ruth.rawnsley@education.nt.gov.au,ruth.rawnsley@education.nt.gov.au,"PMB 5, Bickerton Island, via Winnellie, 0822, NT","PMB 5, Bickerton Island, via Winnellie, 0822, NT"
Millner Primary School,(08) 792 30333,admin.millnerps@education.nt.gov.au,admin.millnerps@education.nt.gov.au,"41 Sabine Rd, MILLNER, 0810, NT","42 Sabine Rd, MILLNER, 0810, NT"
Milkwood Steiner,08 8947 0608,info@milkwood.nt.edu.au,info@milkwood.nt.edu.au,"PO Box 319, Karama, 0812, NT","PO Box 319, Karama, 0812, NT"
Milingimbi School,(08) 8987 9902,yasmin.steel@education.nt.gov.au,yasmin.steel@education.nt.gov.au,"PMB 54, Milingimbi, via WINNELLIE, 0822, NT","PMB 54, Milingimbi, via WINNELLIE, 0822, NT"
Mataranka School,(08) 8975 4543,telka.zotz@education.nt.gov.au,telka.zotz@education.nt.gov.au,"PO Box 4022, Mataranka, 0852, NT","PO Box 4022, Mataranka, 0852, NT"
Marrara Christian School,(08) 8920 2000,admin.mcc@ntschools.net,admin.mcc@ntschools.net,"PO Box 84, Karama, 0812, NT","PO Box 84, Karama, 0812, NT"
Milikapiti School,(08) 8978 3960,chris.armstrong1@education.nt.gov.au,chris.armstrong1@education.nt.gov.au,"PMB 96, via Winnellie, 0822, NT","PMB 96, via Winnellie, 0822, NT"
Middle Point School,(08) 8988 1688,middle.pt@education.nt.gov.au,middle.pt@education.nt.gov.au,"PO Box 96, Humpty Doo, 0836, NT","PO Box 96, Humpty Doo, 0836, NT"
Mbunghara School,(08) 8956 8503,mbunghara.school@education.nt.gov.au,mbunghara.school@education.nt.gov.au,"PMB 242, via Alice Springs, 0872, NT","PMB 242, via Alice Springs, 0872, NT"
Mapuru Yirralka College,(08) 8970 4996,paul.lock@ntschools.net,paul.lock@ntschools.net,"PMB 301, Winnellie, 0821, NT","PMB 301, Winnellie, 0821, NT"
Manyallaluk School,(08) 8975 4438,admin.manyasch@education.nt.gov.au,admin.manyasch@education.nt.gov.au,"PO Box 271, Katherine, 0851, Nt","PO Box 271, Katherine, 0851, Nt"
Manunda Terrace Primary School,(08) 899 77366,manunda.school@education.nt.gov.au,manunda.school@education.nt.gov.au,"31 Manunda Tce, KARAMA, 0812, NT","32 Manunda Tce, KARAMA, 0812, NT"
Mamaruni School,(08) 8979 0255,adam.dicks1@education.nt.gov.au,adam.dicks1@education.nt.gov.au,"PMB 47, via Winnellie, 0822, NT","PMB 47, via Winnellie, 0822, NT"
Malak Primary School,(08) 899 77600,admin.malak@education.nt.gov.au,admin.malak@education.nt.gov.au,"45 Malak Crescent, MALAK, 0812, NT","46 Malak Crescent, MALAK, 0812, NT"
Maningrida School,(08) 8979 5950,maningrida.cec@education.nt.gov.au,maningrida.cec@education.nt.gov.au,"PMB 67, via WINNELLIE, 0822, NT","PMB 67, via WINNELLIE, 0822, NT"
Mackillop Catholic College,08 8930 5757,mackillopcollege@nt.catholic.edu.au,mackillopcollege@nt.catholic.edu.au,"P O Box 2608, Palmerston, 0831, NT","P O Box 2608, Palmerston, 0831, NT"
MacFarlane Primary School,(08) 896 51700,admin.macfasch@education.nt.gov.au,admin.macfasch@education.nt.gov.au,"42 Grevillea Road, KATHERINE EAST, 0850, NT","43 Grevillea Road, KATHERINE EAST, 0850, NT"
Ludmilla Primary School,(08) 898 37888,admin.ludmilla@education.nt.gov.au,admin.ludmilla@education.nt.gov.au,"PO Box 39945, WINNELLIE, 0821, NT","PO Box 39945, WINNELLIE, 0821, NT"
Ltyentye Apurte CEC,(08) 8956 0937,admin.lace@nt.catholic.edu.au,admin.lace@nt.catholic.edu.au,"Santa Teresa, PMB 221, via A/Springs, 0871, NT","Santa Teresa, PMB 221, via A/Springs, 0871, NT"
Living Waters Lutheran School,(08) 8950 0700,living.waters@ntschools.net,living.waters@ntschools.net,"PO Box 8869, Alice Springs, 0871, NT","PO Box 8869, Alice Springs, 0871, NT"
Leanyer Primary School,(08) 8927 4022,admin.leanyer@education.nt.gov.au,admin.leanyer@education.nt.gov.au,"114 Leanyer Drive, LEANYER, 0812, NT","115 Leanyer Drive, LEANYER, 0812, NT"
Larrakeyah Primary School,(08) 8981 3211,larrakeyah.admin@education.nt.gov.au,larrakeyah.admin@education.nt.gov.au,"PO Box 412, DARWIN, 0801, NT","PO Box 412, DARWIN, 0801, NT"
Lajamanu School,(08) 8975 0946,admin.lajamcec@education.nt.gov.au,admin.lajamcec@education.nt.gov.au,"PMB 63, via Katherine, 0851, NT","PMB 63, via Katherine, 0851, NT"
Laynhapuy Homelands School,(08) 898 71224,yhs.admin@ntschools.net,yhs.admin@ntschools.net,"PMB 747, Nhulunbuy, 0881, NT","PMB 747, Nhulunbuy, 0881, NT"
Larapinta Primary School,(08) 895 85155,larapinta.primary@education.nt.gov.au,larapinta.primary@education.nt.gov.au,"PO Box 9021, ALICE SPRINGS, 0871, NT","PO Box 9021, ALICE SPRINGS, 0871, NT"
Laramba School,(08) 8956 8771,laramba.school@education.nt.gov.au,laramba.school@education.nt.gov.au,"PMB 213, via Alice Springs, 0872, NT","PMB 213, via Alice Springs, 0872, NT"
Kintore Street School,(08) 8973 3888,kintore.admin@education.nt.gov.au,kintore.admin@education.nt.gov.au,"PO Box 1931, KATHERINE, 0851, NT","PO Box 1931, KATHERINE, 0851, NT"
Kiana School,(08) 8975 9820,gordon.halling@education.nt.gov.au,gordon.halling@education.nt.gov.au,"PMB 33, via Tennanat Creek, 0861, NT","PMB 33, via Tennanat Creek, 0861, NT"
Katherine High School,(08) 897 38200,admin.kathehs@education.nt.gov.au,admin.kathehs@education.nt.gov.au,"PO Box 189, KATHERINE, 0851, NT","PO Box 189, KATHERINE, 0851, NT"
Katherine School Of The Air,(08) 896 51555,kath.soa@education.nt.gov.au,kath.soa@education.nt.gov.au,"PO Box 531, KATHERINE, 0851, NT","PO Box 531, KATHERINE, 0851, NT"
Katherine South Primary School,(08) 8972 1277,karen.taylor@education.nt.gov.au,karen.taylor@education.nt.gov.au,"PO Box 721, KATHERINE, 0851, NT","PO Box 721, KATHERINE, 0851, NT"
Katherine Flexible Learning Centre,(08) 897 38200,tba,tba,"PO Box 189, Katherine, 0851, NT","PO Box 189, Katherine, 0851, NT"
Karama Primary School,(08) 898 37700,karama.school@education.nt.gov.au,karama.school@education.nt.gov.au,"PO Box 103, Karama, 0813, NT","PO Box 103, Karama, 0813, NT"
Kalkaringi School,(08) 896 51888,shania.smiler@education.nt.gov.au,shania.smiler@education.nt.gov.au,"PMB 41, KATHERINE, 0852, NT","PMB 41, KATHERINE, 0852, NT"
Jingili Primary School,(08) 898 37555,jingili.school@education.nt.gov.au,jingili.school@education.nt.gov.au,"PO Box 40600, CASUARINA, 0810, NT","PO Box 40600, CASUARINA, 0810, NT"
Jilkminggan School,(08) 8975 4896,admin.jilkmsch@education.nt.gov.au,admin.jilkmsch@education.nt.gov.au,"PO Box 4054, Mataranka, 0852, NT","PO Box 4054, Mataranka, 0852, NT"
Jabiru Area School,(08) 8938 3333,jabiru.areaschool@education.nt.gov.au,jabiru.areaschool@education.nt.gov.au,"PO Box  246, Jabiru, 0886, NT","PO Box  246, Jabiru, 0886, NT"
Imanpa School,(08) 8956 7483,kandi.thorpe@education.nt.gov.au,kandi.thorpe@education.nt.gov.au,"PMB 76, via Alice Springs, 0872, NT","PMB 76, via Alice Springs, 0872, NT"
Sadadeen Primary School,(08) 895 52299,sadadeen.primary@education.nt.gov.au,sadadeen.primary@education.nt.gov.au,"PO Box 2707, ALICE SPRINGS, 0871, NT","PO Box 2707, ALICE SPRINGS, 0871, NT"
Humpty Doo Primary School,(08) 8988 1255,admin.humptydoo@education.nt.gov.au,admin.humptydoo@education.nt.gov.au,"PO Box 46, HUMPTY DOO, 0836, NT","PO Box 46, HUMPTY DOO, 0836, NT"
Holy Spirit Catholic School,(08) 8927 3411,yola.gray@nt.catholic.edu.au,yola.gray@nt.catholic.edu.au,"PO Box 40030, Casuarina, 0810, NT","PO Box 40030, Casuarina, 0810, NT"
Holy Family Catholic School,(08) 89276188,admin.holyfamily@nt.catholic.edu.au,admin.holyfamily@nt.catholic.edu.au,"PO Box 40870, Casuarina, 0812, NT","PO Box 40870, Casuarina, 0812, NT"
Howard Springs Primary School,(08) 898 30000,howard.springs@education.nt.gov.au,howard.springs@education.nt.gov.au,"PO Box  171, HOWARD SPRINGS, 0835, NT","PO Box  171, HOWARD SPRINGS, 0835, NT"
Henbury School,(08) 899 77077,henbury.admin@education.nt.gov.au,henbury.admin@education.nt.gov.au,"11 Henbury Avenue, Tiwi, 0810, NT","12 Henbury Avenue, Tiwi, 0810, NT"
Harts Range School,(08) 8956 9771,harts.school@education.nt.gov.au,harts.school@education.nt.gov.au,"PMB 162, via Alice Springs, 0871, NT","PMB 162, via Alice Springs, 0871, NT"
Haileybury Rendall School,(08) 8922 1611,hrs.admin@hrs.edu.au,hrs.admin@hrs.edu.au,"PO Box 241, Berrimah, 0828, NT","PO Box 241, Berrimah, 0828, NT"
Haasts Bluff School,(08) 8956 8550,geoff.gillman@education.nt.gov.au,geoff.gillman@education.nt.gov.au,"Haasts Bluff, via Alice Springs, 0872, NT","Haasts Bluff, via Alice Springs, 0872, NT"
Gunbalanya School,(08) 8979 0181,admin.gunbacec@education.nt.gov.au,admin.gunbacec@education.nt.gov.au,"PMB 66, Gunbalanya, 0822, NT","PMB 66, Gunbalanya, 0822, NT"
Good Shepherd Lutheran School,(08) 8983 0300,admin@goodshepherd.nt.edu.au,admin@goodshepherd.nt.edu.au,"PO Box 1146, Howard Springs, 0831, NT","PO Box 1146, Howard Springs, 0831, NT"
Gray Primary School,(08) 8932 1700,admin.graysch@education.nt.gov.au,admin.graysch@education.nt.gov.au,"Victoria Drive, GRAY, 0830, NT","Victoria Drive, GRAY, 0830, NT"
Good Shepherd Lutheran College,08 89830300,admin@goodshepherd.nt.edu.au,admin@goodshepherd.nt.edu.au,"PO Box 1146, Howard Springs, 0831, NT","PO Box 1146, Howard Springs, 0831, NT"
Girraween Primary School,(08) 8983 3300,admin.girrasch@education.nt.gov.au,admin.girrasch@education.nt.gov.au,"PO Box 1042, HOWARD SPRINGS, 0835, NT","PO Box 1042, HOWARD SPRINGS, 0835, NT"
Gillen Primary School,(08) 895 52155,gillen.school@education.nt.gov.au,gillen.school@education.nt.gov.au,"PO Box 769, ALICE SPRINGS, 0871, NT","PO Box 769, ALICE SPRINGS, 0871, NT"
Gawa Christian School,8970 5212,admin.gcs@ntschools.net,admin.gcs@ntschools.net,"PMB 257, Elcho Island via Winnellie, 0822, NT","PMB 257, Elcho Island via Winnellie, 0822, NT"
Gapuwiyak Pre School,(08) 8987 9122,,,", , , ",", , , "
Gapuwiyak School,(08) 8987 9122,admin.gapuwcec@education.nt.gov.au,admin.gapuwcec@education.nt.gov.au,"PMB 900, Via Winnellie, 0822, NT","PMB 900, Via Winnellie, 0822, NT"
Forrest Parade School,(08) 899 77111,admin.forrestps@education.nt.gov.au,admin.forrestps@education.nt.gov.au,"120 Flynn Circuit, Bellamack, 0832, NT","121 Flynn Circuit, Bellamack, 0832, NT"
Essington School,(08) 8985 0100,administration@essington.nt.edu.au,administration@essington.nt.edu.au,"PO Box 42321, Casuarina, 0811, NT","PO Box 42321, Casuarina, 0811, NT"
Finke School,(08) 8956 0960,finke.school@education.nt.gov.au,finke.school@education.nt.gov.au,"PMB 30, via Alice Springs, 0871, NT","PMB 30, via Alice Springs, 0871, NT"
Family as First Teachers,(08) 899 93550,faft.doe@education.nt.gov.au,faft.doe@education.nt.gov.au,"GPO Box 4821, Darwin, 0801, NT","GPO Box 4821, Darwin, 0801, NT"
Epenarra School,(08) 8964 1512,jennifer.cadzow@education.nt.gov.au,jennifer.cadzow@education.nt.gov.au,"PMB 270, via Alice Springs, 0861, NT","PMB 270, via Alice Springs, 0861, NT"
Elliott School,(08) 8969 2050,kevin.gaskin@education.nt.gov.au,kevin.gaskin@education.nt.gov.au,"C/- Elliott Post Office, Elliott, 0862, NT","C/- Elliott Post Office, Elliott, 0862, NT"
Durack Primary School,(08) 899 77555,durack.school@education.nt.gov.au,durack.school@education.nt.gov.au,"PO Box  225, PALMERSTON, 0830, NT","PO Box  225, PALMERSTON, 0830, NT"
Dundee Beach School,(08) 8978 2212,dundee.school@education.nt.gov.au,dundee.school@education.nt.gov.au,"PO Box 145, Dundee Beach, 0840, NT","PO Box 145, Dundee Beach, 0840, NT"
Dripstone Middle School,(08) 898 37777,dripstone.middle@education.nt.gov.au,dripstone.middle@education.nt.gov.au,"PO Box  41370, CASUARINA, 0811, NT","PO Box  41370, CASUARINA, 0811, NT"
Douglas Daly School,(08) 8978 2836,janelle.thorne@education.nt.gov.au,janelle.thorne@education.nt.gov.au,"PMB 46, via Winnellie, 0822, NT","PMB 46, via Winnellie, 0822, NT"
Driver Primary School,(08) 893 59000,admin.drivesch@education.nt.gov.au,admin.drivesch@education.nt.gov.au,"PO Box  33, PALMERSTON, 0831, NT","PO Box  33, PALMERSTON, 0831, NT"
Darwin Middle School,(08) 894 25200,admin.darwinmiddle@education.nt.gov.au,admin.darwinmiddle@education.nt.gov.au,"PO Box 2257, PARAP, 0804, NT","PO Box 2257, PARAP, 0804, NT"
Darwin Languages Centre,(08) 899 77000,dlc.nt@education.nt.gov.au,dlc.nt@education.nt.gov.au,"P O Box 822, Nightcliff, 0814, NT","P O Box 822, Nightcliff, 0814, NT"
Darwin High School,(08) 899 91222,darwin.high@education.nt.gov.au,darwin.high@education.nt.gov.au,"Bullocky Point, DARWIN, 0820, NT","Bullocky Point, DARWIN, 0820, NT"
Clyde Fenton Primary School,(08) 897 33844,admin.clydesch@education.nt.gov.au,admin.clydesch@education.nt.gov.au,"PO Box 421, KATHERINE, 0851, NT","PO Box 421, KATHERINE, 0851, NT"
Centralian Middle School,(08) 895 52333,centralian.middle@education.nt.gov.au,centralian.middle@education.nt.gov.au,"PO Box 1771, ALICE SPRINGS, 0871, NT","PO Box 1771, ALICE SPRINGS, 0871, NT"
Casuarina Senior College,(08) 898 37300,csc.admin@education.nt.gov.au,csc.admin@education.nt.gov.au,"PO Box  40196, CASUARINA, 0811, NT","PO Box  40196, CASUARINA, 0811, NT"
Casuarina Street Primary School,(08) 897 33800,casuarina.admin@education.nt.gov.au,casuarina.admin@education.nt.gov.au,"PO Box 1046, KATHERINE, 0851, NT","PO Box 1046, KATHERINE, 0851, NT"
Callistemon House,(08) 8972 3212,admin.callistemon@education.nt.gov.au,admin.callistemon@education.nt.gov.au,"PO Box 1971, Katherine East, 0851, NT","PO Box 1971, Katherine East, 0851, NT"
Canteen Creek School,(08) 8964 1505,admin.cantesch@education.nt.gov.au,admin.cantesch@education.nt.gov.au,"PMB 105, via Alice Springs, 0872, NT","PMB 105, via Alice Springs, 0872, NT"
Centralian Senior College,(08) 895 85000,admin.centraliansc@education.nt.gov.au,admin.centraliansc@education.nt.gov.au,"PO Box 4856, ALICE SPRINGS, 0871, NT","PO Box 4856, ALICE SPRINGS, 0871, NT"
Bulman School,(08) 8975 4707,lawry.mahon@education.nt.gov.au,lawry.mahon@education.nt.gov.au,"PMB 13, Katherine, 0851, NT","PMB 13, Katherine, 0851, NT"
Bulla Camp School,(08) 9167 8957,jenine.williams@education.nt.gov.au,jenine.williams@education.nt.gov.au,"PMB 89, Katherine, 0851, NT","PMB 89, Katherine, 0851, NT"
Braitling Primary School,(08) 895 85111,admin.braitsch@education.nt.gov.au,admin.braitsch@education.nt.gov.au,"PO Box  1669, ALICE SPRINGS, 0871, NT","PO Box  1669, ALICE SPRINGS, 0871, NT"
Bradshaw Primary School,(08) 895 52100,bradshaw.school@education.nt.gov.au,bradshaw.school@education.nt.gov.au,"PO Box 1744, ALICE SPRINGS, 0871, NT","PO Box 1744, ALICE SPRINGS, 0871, NT"
Borroloola School,(08) 896 51800,admin.borrosch@education.nt.gov.au,admin.borrosch@education.nt.gov.au,"PMB 5, Borroloola, 0854, NT","PMB 5, Borroloola, 0854, NT"
Belyuen School,(08) 8978 5085,elspeth.hurse@education.nt.gov.au,elspeth.hurse@education.nt.gov.au,"PMB 2, GPO Darwin, 0801, NT","PMB 2, GPO Darwin, 0801, NT"
Bonya School,(08) 8956 6352,mark.webster@education.nt.gov.au,mark.webster@education.nt.gov.au,"PMB 69, via Alice Springs, 0872, NT","PMB 69, via Alice Springs, 0872, NT"
Berry Springs Primary School,(08) 8988 6006,berrysprings.primary@education.nt.gov.au,berrysprings.primary@education.nt.gov.au,"PO Box 135, Berry Springs, 0838, NT","PO Box 135, Berry Springs, 0838, NT"
Bees Creek Primary School,(08) 8983 3222,bees.creek@education.nt.gov.au,bees.creek@education.nt.gov.au,"PO Box 1500, Coolalinga, 0839, NT","PO Box 1500, Coolalinga, 0839, NT"
Batchelor Area School,(08) 8976 0077,batchelor.as@education.nt.gov.au,batchelor.as@education.nt.gov.au,"c/-, Batchelor Post Office, 0845, NT","c/-, Batchelor Post Office, 0845, NT"
Barunga School,(08) 8975 4502,office.barunga@education.nt.gov.au,office.barunga@education.nt.gov.au,"PMB 117, via Katherine, 0851, NT","PMB 117, via Katherine, 0851, NT"
Baniyala Garrangali School,(08) 8987 9114,cameron.adams@education.nt.gov.au,cameron.adams@education.nt.gov.au,"PO Box 1496, NHULUNBUY, 0881, NT","PO Box 1496, NHULUNBUY, 0881, NT"
Areyonga School,(08) 8956 7303,areyonga.school@education.nt.gov.au,areyonga.school@education.nt.gov.au,"Areyonga, via Alice Springs, 0872, NT","Areyonga, via Alice Springs, 0872, NT"
Bakewell Primary School,(08) 899 77400,admin.bakewell@education.nt.gov.au,admin.bakewell@education.nt.gov.au,"PO Box 1300, PALMERSTON, 0831, NT","PO Box 1300, PALMERSTON, 0831, NT"
Arlparra School,(08) 8956 9178,stephen.nimmo@education.nt.gov.au,stephen.nimmo@education.nt.gov.au,"PMB 18, via ALICE SPRINGS, 0872, NT","PMB 18, via ALICE SPRINGS, 0872, NT"
Acacia Hill School,(08) 895 52222,acaciahill.school@education.nt.gov.au,acaciahill.school@education.nt.gov.au,"PO Box 435, ALICE SPRINGS, 0871, NT","PO Box 435, ALICE SPRINGS, 0871, NT"
